brand,year,mileage,fuel_type,transmission,engine_size,horsepower,price
Honda,2021,32804.0,Diesel,Automatic,3.8,224.0,27961
Audi,2012,235689.0,Diesel,Manual,4.7,364.0,24679
Honda,2018,82523.0,Petrol,Automatic,3.5,279.0,21692
Kia,2021,87322.0,Petrol,Automatic,1.2,149.0,12630
BMW,2015,83564.0,Petrol,Automatic,1.8,179.0,25007
Chevrolet,2017,116025.0,Hybrid,Automatic,2.2,190.0,14485
Hyundai,2020,73594.0,Petrol,Manual,1.0,135.0,7931
Audi,2017,127655.0,Diesel,Manual,1.5,148.0,22867
Audi,2019,76728.0,Diesel,Automatic,2.2,197.0,36078
Chevrolet,2022,54954.0,Petrol,Manual,2.1,203.0,21306
Chevrolet,2020,50417.0,,Automatic,1.7,168.0,18070
Kia,2013,144213.0,Diesel,Manual,3.8,333.0,10653
Tesla,2016,76566.0,Petrol,Manual,4.8,388.0,53702
Ford,2021,59443.0,Hybrid,Automatic,2.1,178.0,18858
Kia,2015,107431.0,Diesel,Manual,4.4,346.0,18214
Honda,2019,130076.0,Diesel,Manual,2.7,243.0,18488
Kia,2012,89967.0,Diesel,Manual,4.7,341.0,12995
Honda,2024,51806.0,Diesel,Automatic,1.3,179.0,24780
Audi,2017,110471.0,Petrol,Manual,3.1,241.0,31455
Audi,2012,270326.0,Diesel,Manual,3.7,297.0,21858
Tesla,2023,32596.0,Petrol,Manual,3.2,343.0,58445
Hyundai,2024,23252.0,Petrol,Automatic,2.0,179.0,22086
Chevrolet,2024,25175.0,Electric,Automatic,0.0,320.0,44568
Toyota,2021,51827.0,Diesel,Manual,1.4,180.0,16780
Toyota,2012,92053.0,Hybrid,Manual,1.7,202.0,7388
Ford,2024,30156.0,Diesel,Manual,1.1,155.0,17865
Ford,2018,113236.0,Diesel,Automatic,1.8,174.0,11903
Mercedes-Benz,2012,229005.0,Electric,Automatic,0.0,288.0,29837
Audi,2015,128198.0,Electric,Manual,0.0,325.0,35954
Kia,2016,92758.0,Electric,Automatic,0.0,254.0,15562
Volkswagen,2011,157190.0,Petrol,Automatic,4.2,231.0,3500
Honda,2016,195841.0,Petrol,Automatic,4.5,276.0,10256
Volkswagen,2022,67360.0,Petrol,Manual,3.4,293.0,29593
Volkswagen,2023,30001.0,Petrol,Manual,1.6,145.0,22605
Nissan,2011,180349.0,Diesel,Automatic,2.6,241.0,3500
Audi,2011,194440.0,Petrol,Manual,2.0,228.0,10287
Honda,2022,44840.0,Petrol,Automatic,1.4,171.0,20581
Audi,2021,75447.0,Diesel,Automatic,1.5,158.0,30216
Nissan,2016,147321.0,Diesel,Manual,1.6,138.0,3500
Audi,2016,177845.0,Petrol,Manual,3.7,285.0,33677
Nissan,2015,116697.0,Diesel,Automatic,3.6,325.0,16134
Hyundai,2021,90354.0,Petrol,Automatic,4.4,346.0,34882
Audi,2012,148326.0,Electric,Manual,0.0,233.0,24463
Chevrolet,2022,38732.0,Electric,Manual,0.0,230.0,31411
Toyota,2019,111547.0,Diesel,Automatic,4.1,342.0,28137
Volkswagen,2012,138952.0,Petrol,Manual,3.6,326.0,13045
Kia,2023,36928.0,Hybrid,Manual,2.5,220.0,31081
Audi,2017,121446.0,Petrol,Automatic,3.2,239.0,32652
Tesla,2024,3844.0,Hybrid,Automatic,1.5,201.0,63184
Toyota,2020,23300.0,Petrol,Automatic,4.3,277.0,31530
Audi,2023,33590.0,Hybrid,Manual,5.0,382.0,64173
Tesla,2024,21710.0,Diesel,Automatic,1.4,160.0,52260
Volkswagen,2021,63997.0,Petrol,Automatic,3.6,282.0,25066
Chevrolet,2022,44194.0,Petrol,Automatic,1.2,154.0,22151
Nissan,2022,70769.0,Petrol,Manual,1.5,161.0,13679
Mercedes-Benz,2013,234914.0,Hybrid,Manual,2.1,218.0,21362
Toyota,2019,60007.0,Petrol,Automatic,3.8,344.0,27718
Tesla,2017,153035.0,Hybrid,Automatic,3.3,287.0,41936
Audi,2020,97148.0,Diesel,Automatic,1.6,166.0,39905
Chevrolet,2012,166504.0,Petrol,Manual,2.7,247.0,3500
Volkswagen,2014,249190.0,Diesel,Manual,1.1,134.0,3500
BMW,2018,92575.0,Hybrid,Automatic,3.6,317.0,41055
Audi,2019,99163.0,Petrol,Automatic,3.9,315.0,43077
Ford,2022,,Petrol,Automatic,3.0,276.0,29172
Toyota,2014,106768.0,Petrol,Manual,2.3,166.0,3500
BMW,2016,116956.0,Petrol,Automatic,1.5,114.0,19695
Mercedes-Benz,2015,132939.0,Diesel,Automatic,2.6,234.0,32008
Mercedes-Benz,2013,116953.0,Petrol,Automatic,5.0,326.0,35010
Audi,2017,162090.0,Petrol,Manual,4.0,329.0,32780
Hyundai,2023,28314.0,Petrol,Manual,2.2,193.0,20081
Ford,2014,135407.0,Hybrid,Automatic,3.6,283.0,12464
Kia,2018,161994.0,Petrol,Automatic,2.9,259.0,12666
Ford,2019,55833.0,,Manual,3.0,239.0,23700
Tesla,2019,68340.0,Petrol,Manual,1.8,178.0,39086
Honda,2019,51853.0,Petrol,Manual,3.8,313.0,29332
Chevrolet,2021,43181.0,Electric,Automatic,0.0,234.0,30642
Audi,2021,35571.0,Diesel,Automatic,3.6,357.0,59764
Chevrolet,2021,55381.0,Petrol,Manual,1.2,138.0,14194
Ford,2024,23122.0,Petrol,Automatic,1.3,141.0,25244
Hyundai,2011,91321.0,Petrol,Manual,1.4,160.0,3500
Kia,2021,50035.0,Hybrid,Manual,1.9,218.0,23934
Ford,2020,22862.0,Petrol,Automatic,4.6,424.0,43103
Nissan,2022,33988.0,Petrol,Automatic,2.6,223.0,27067
Kia,2015,112937.0,Hybrid,Automatic,5.0,389.0,27668
Hyundai,2024,37554.0,Hybrid,Automatic,2.6,220.0,36501
Toyota,2011,250474.0,Petrol,Manual,2.8,249.0,3500
Chevrolet,2021,29409.0,Diesel,Manual,4.6,268.0,28185
Chevrolet,2021,79696.0,Diesel,Automatic,2.2,174.0,26021
Toyota,2018,131766.0,Hybrid,Automatic,2.8,262.0,21044
Mercedes-Benz,2013,168336.0,Diesel,Manual,3.6,276.0,29746
Chevrolet,2024,14102.0,Petrol,Manual,2.0,172.0,27512
Toyota,2011,124660.0,Petrol,Automatic,1.2,131.0,3500
Hyundai,2016,98208.0,Petrol,Manual,4.5,,14452
BMW,2017,27030.0,Hybrid,Automatic,2.0,218.0,34807
BMW,2014,164694.0,Petrol,Automatic,1.2,129.0,14340
Ford,2012,198073.0,Electric,Manual,,360.0,3993
Mercedes-Benz,2014,204692.0,Diesel,Automatic,4.4,347.0,36412
Volkswagen,2021,118090.0,Hybrid,Manual,4.7,308.0,35259
Kia,2022,64534.0,,Automatic,3.4,327.0,33080
Volkswagen,2011,298515.0,Petrol,Manual,1.7,151.0,3500
Honda,2023,40945.0,Diesel,Manual,1.6,149.0,18819
Ford,2011,193071.0,Petrol,Automatic,3.3,275.0,3500
Honda,2019,78022.0,Petrol,Manual,3.4,299.0,22917
Toyota,2019,53840.0,Petrol,Automatic,2.0,175.0,18262
Audi,2021,61743.0,Diesel,Automatic,4.9,356.0,53514
BMW,2018,105060.0,Petrol,Manual,4.6,334.0,36281
Ford,2013,41743.0,Petrol,Automatic,4.7,301.0,16752
Tesla,2016,173430.0,Diesel,Automatic,3.9,328.0,42894
Kia,2023,48312.0,Hybrid,Manual,1.8,217.0,26939
Nissan,2021,133417.0,Electric,Automatic,0.0,333.0,28093
Toyota,2019,86021.0,Electric,Automatic,0.0,369.0,33635
Ford,2013,74124.0,Diesel,Manual,4.8,315.0,15781
BMW,2014,141761.0,Petrol,Manual,3.1,242.0,19223
Honda,2024,20813.0,Diesel,Automatic,1.4,156.0,27536
Nissan,2023,24224.0,Electric,Automatic,0.0,233.0,36074
Hyundai,2018,81025.0,Petrol,Automatic,3.5,265.0,17758
Honda,2022,54669.0,Diesel,Automatic,2.2,169.0,23467
Toyota,2013,84304.0,Electric,Manual,0.0,295.0,12563
Tesla,2013,229526.0,Petrol,Automatic,2.0,215.0,24954
Kia,2014,111303.0,Petrol,Manual,4.8,373.0,21483
Mercedes-Benz,2018,119951.0,,Automatic,1.5,163.0,35566
Honda,2013,202586.0,Diesel,Manual,,214.0,3500
Volkswagen,2019,34945.0,Diesel,Automatic,3.1,273.0,19273
BMW,2017,153650.0,Petrol,Automatic,,200.0,31110
Toyota,2021,56375.0,,Manual,4.7,309.0,31506
Ford,2014,138256.0,Petrol,Automatic,1.5,158.0,3500
Tesla,2015,154474.0,Hybrid,Automatic,3.6,237.0,34962
Audi,2013,168751.0,Diesel,Automatic,1.2,125.0,13113
Hyundai,2015,127904.0,Electric,Manual,0.0,395.0,22249
Tesla,2018,66165.0,Electric,Automatic,0.0,306.0,54549
Ford,2012,176362.0,Petrol,Automatic,3.6,323.0,11404
Honda,2021,50217.0,Hybrid,Manual,3.7,301.0,34758
Ford,2020,23720.0,Electric,Manual,0.0,350.0,27876
Kia,2014,120748.0,Diesel,Manual,4.9,384.0,17361
Kia,2023,32134.0,Diesel,Automatic,4.7,396.0,44859
Mercedes-Benz,2019,58442.0,Petrol,Manual,4.7,389.0,48336
Chevrolet,2021,65847.0,Hybrid,Automatic,2.8,288.0,31738
Mercedes-Benz,2019,63113.0,Petrol,Manual,4.3,390.0,48128
Mercedes-Benz,2022,29012.0,Hybrid,Manual,4.1,273.0,51981
Chevrolet,2013,165347.0,Petrol,Automatic,4.7,435.0,20263
Hyundai,2014,69680.0,Electric,Automatic,0.0,219.0,11120
Audi,2018,149816.0,Diesel,Automatic,3.6,267.0,38361
Honda,2024,18089.0,Petrol,Automatic,2.7,255.0,36007
Kia,2022,32265.0,,Automatic,2.3,250.0,30273
Ford,2013,103473.0,Hybrid,Manual,1.6,175.0,3500
Honda,2017,100283.0,Hybrid,Manual,3.6,363.0,21641
Ford,2022,69401.0,Diesel,Automatic,1.4,154.0,19911
Hyundai,2018,76280.0,Hybrid,Automatic,2.5,169.0,17145
Nissan,2012,224258.0,Petrol,Manual,4.3,345.0,3500
Hyundai,2017,41927.0,Petrol,Automatic,4.9,241.0,17902
Chevrolet,2015,209334.0,Hybrid,Automatic,3.2,354.0,16441
Chevrolet,2019,28696.0,Diesel,Manual,2.7,234.0,21773
Nissan,2014,173400.0,Diesel,Manual,3.3,245.0,3500
Tesla,2023,45784.0,Diesel,Manual,4.6,432.0,71480
BMW,2014,76359.0,Diesel,Manual,3.7,359.0,34623
Audi,2013,125913.0,Petrol,Automatic,2.3,194.0,21655
Chevrolet,2019,25790.0,Petrol,Automatic,4.7,224.0,17717
BMW,2012,203106.0,Hybrid,Automatic,4.3,356.0,31664
Toyota,2015,94305.0,Electric,Automatic,0.0,346.0,21100
Audi,2017,76481.0,Electric,Automatic,0.0,331.0,46354
Hyundai,2013,133812.0,Petrol,Automatic,3.4,343.0,11781
BMW,2023,61239.0,Electric,Automatic,0.0,208.0,44373
Ford,2020,110299.0,Diesel,Manual,2.4,217.0,19697
Chevrolet,2016,88844.0,Petrol,Automatic,4.0,312.0,21418
Honda,2020,55295.0,,Automatic,2.6,241.0,22113
Chevrolet,2020,34162.0,Diesel,Manual,4.0,222.0,23772
Audi,2022,46099.0,Petrol,Automatic,2.5,247.0,44729
Honda,2017,53759.0,Diesel,Automatic,4.9,338.0,29387
Audi,2016,36032.0,Petrol,Automatic,2.9,241.0,38466
Chevrolet,2016,140055.0,Petrol,Manual,4.2,299.0,18831
Toyota,2011,141472.0,Diesel,Automatic,3.8,273.0,4127
Honda,2011,206845.0,Diesel,Automatic,1.9,185.0,3500
Audi,2024,53522.0,Petrol,Automatic,4.9,399.0,61587
BMW,2017,196453.0,Diesel,Manual,3.1,226.0,23194
Audi,2015,73288.0,Electric,Manual,0.0,346.0,45140
Chevrolet,2013,141018.0,Diesel,Automatic,3.3,265.0,4600
Ford,2015,195984.0,Petrol,Manual,4.9,445.0,15777
Honda,2024,29866.0,Hybrid,Automatic,,,31267
Hyundai,2024,9847.0,Hybrid,Automatic,2.8,238.0,38389
Kia,2012,137457.0,Hybrid,Automatic,4.7,437.0,17223
Ford,2024,30617.0,Petrol,Automatic,4.7,288.0,36224
Chevrolet,2011,181064.0,Petrol,Automatic,4.6,388.0,10174
Volkswagen,2019,157100.0,Hybrid,Automatic,2.4,196.0,20924
Volkswagen,2016,117412.0,Hybrid,Automatic,1.7,201.0,16710
Nissan,2014,83123.0,Hybrid,Manual,4.7,313.0,19209
Toyota,2018,75313.0,Diesel,Automatic,2.9,285.0,20945
Hyundai,2014,120810.0,Diesel,Manual,4.9,455.0,22264
Nissan,2022,86649.0,Diesel,Automatic,2.7,234.0,29969
Mercedes-Benz,2020,96073.0,Diesel,Automatic,2.5,237.0,39134
Mercedes-Benz,2017,85349.0,Petrol,Automatic,1.5,181.0,30264
Kia,2014,169348.0,Petrol,Automatic,1.6,199.0,3500
Kia,2021,67504.0,Hybrid,Manual,2.4,182.0,18798
BMW,2012,173829.0,Diesel,Automatic,1.3,134.0,12817
Hyundai,2017,102684.0,Hybrid,Manual,2.4,,8199
Volkswagen,2021,59830.0,Petrol,Manual,1.5,172.0,14008
Audi,2021,11087.0,Electric,Automatic,0.0,289.0,45863
Mercedes-Benz,2023,48967.0,Electric,Automatic,0.0,380.0,57318
Mercedes-Benz,2017,173496.0,Petrol,Automatic,3.2,227.0,32943
Toyota,2022,63443.0,Electric,Automatic,0.0,293.0,34949
Nissan,2019,102364.0,Electric,Manual,0.0,257.0,16497
Kia,2011,130855.0,Electric,Automatic,0.0,220.0,5446
Hyundai,2022,19471.0,Petrol,Automatic,1.6,154.0,17970
BMW,2024,24826.0,Petrol,Automatic,2.7,238.0,48209
Kia,2022,63714.0,Petrol,Manual,3.3,194.0,19712
Kia,2022,54173.0,Petrol,Automatic,4.0,214.0,23816
Mercedes-Benz,2017,126193.0,Hybrid,Automatic,3.8,321.0,45499
Toyota,2014,67131.0,Hybrid,Automatic,1.4,176.0,14404
Hyundai,2015,117757.0,Hybrid,Automatic,4.2,343.0,21511
Toyota,2024,22411.0,Petrol,Manual,4.4,358.0,41380
Mercedes-Benz,2021,95775.0,Petrol,Automatic,4.4,229.0,46988
Audi,2015,164017.0,Diesel,Automatic,1.5,167.0,24061
Toyota,2023,30140.0,Diesel,Automatic,4.3,222.0,33760
Kia,2018,141995.0,Diesel,Automatic,4.1,301.0,19598
Ford,2018,120204.0,Petrol,Automatic,4.8,407.0,26074
BMW,2019,85196.0,Diesel,Automatic,1.4,160.0,28857
Tesla,2016,93912.0,Electric,Automatic,0.0,339.0,52489
Ford,2020,68302.0,Hybrid,Manual,1.9,166.0,16103
Mercedes-Benz,2015,90938.0,Hybrid,Manual,2.6,256.0,31525
Hyundai,2021,70590.0,Electric,Manual,0.0,336.0,25977
BMW,2011,69631.0,Electric,Automatic,0.0,319.0,36279
Honda,2017,46268.0,Diesel,Manual,4.6,325.0,25937
Ford,2024,16647.0,Electric,Automatic,0.0,275.0,41157
Hyundai,2012,105133.0,Petrol,Automatic,1.3,151.0,3500
Toyota,2019,35557.0,Electric,Automatic,0.0,296.0,33788
Hyundai,2017,166604.0,Petrol,Automatic,2.0,185.0,3500
Chevrolet,2020,86329.0,Hybrid,Manual,4.1,302.0,27091
Honda,2015,225288.0,Diesel,Manual,3.2,328.0,11462
Ford,2020,56213.0,Diesel,Automatic,1.3,135.0,17622
Ford,2017,97264.0,Hybrid,Manual,4.3,315.0,27951
Toyota,2019,62791.0,Electric,Automatic,0.0,323.0,33852
BMW,2018,117339.0,Diesel,Automatic,3.0,296.0,38928
Mercedes-Benz,2014,51068.0,Petrol,Manual,2.7,228.0,28621
Chevrolet,2013,174818.0,Electric,Manual,0.0,307.0,8443
Ford,2021,61600.0,Petrol,Automatic,3.0,257.0,20306
Kia,2015,177243.0,Petrol,Manual,3.3,298.0,7310
Kia,2023,30380.0,Electric,Manual,0.0,351.0,40112
Hyundai,2024,14026.0,Electric,Automatic,0.0,358.0,43930
Toyota,2018,58850.0,Diesel,Automatic,2.6,273.0,24333
Mercedes-Benz,2013,88879.0,Hybrid,Automatic,1.9,188.0,30022
Honda,2013,114102.0,Diesel,Manual,1.3,157.0,3500
Honda,2013,211924.0,Diesel,Automatic,2.8,287.0,7674
Audi,2013,195951.0,Electric,Automatic,0.0,325.0,28890
Hyundai,2019,148610.0,Electric,Automatic,0.0,357.0,21904
Kia,2011,184232.0,Petrol,Automatic,,113.0,3500
Audi,2022,15602.0,Hybrid,Manual,2.9,213.0,46068
Audi,2017,152121.0,Petrol,Manual,4.3,310.0,34490
Ford,2023,33399.0,Electric,Manual,0.0,319.0,34425
Hyundai,2018,82928.0,Petrol,Automatic,3.5,169.0,11111
Tesla,2021,47111.0,Petrol,Automatic,4.4,397.0,62030
Honda,2021,52514.0,Petrol,Manual,1.9,179.0,14944
Chevrolet,2023,20193.0,Petrol,Automatic,2.0,176.0,21712
Tesla,2024,34290.0,Petrol,Manual,3.7,262.0,57763
Honda,2014,176542.0,Petrol,Automatic,3.1,227.0,4782
Hyundai,2012,144706.0,Electric,Automatic,0.0,292.0,10238
Audi,2015,116572.0,Petrol,Automatic,2.7,230.0,32414
Ford,2016,140059.0,Diesel,Manual,1.1,157.0,3500
Toyota,2016,78520.0,Diesel,Automatic,1.1,140.0,5217
Honda,2021,64373.0,Electric,Manual,0.0,372.0,36731
Audi,2019,66929.0,Electric,Automatic,,280.0,46283
Nissan,2015,190352.0,Electric,Manual,0.0,237.0,3684
Honda,2024,24685.0,Diesel,Manual,1.2,165.0,23861
Audi,2016,,Electric,Automatic,0.0,258.0,32041
Honda,2017,151210.0,Petrol,Automatic,2.6,217.0,12930
Hyundai,2011,117048.0,Petrol,Manual,3.7,339.0,9098
BMW,2015,164793.0,Hybrid,Automatic,2.4,192.0,24888
Mercedes-Benz,2015,151978.0,Petrol,Automatic,1.5,210.0,24086
Hyundai,2019,94039.0,Hybrid,Automatic,5.0,474.0,39036
Nissan,2013,122056.0,Diesel,Manual,4.7,351.0,9643
BMW,2014,124905.0,Petrol,Manual,1.8,180.0,14680
Ford,2012,210034.0,Petrol,Manual,4.0,362.0,5497
Chevrolet,2015,168478.0,Hybrid,Automatic,4.4,349.0,22713
Nissan,2015,126227.0,Electric,Manual,0.0,410.0,20407
Honda,2011,128618.0,Hybrid,Automatic,3.4,241.0,9125
Volkswagen,2011,181917.0,Diesel,Manual,2.6,223.0,3500
Chevrolet,2016,118561.0,Petrol,Automatic,2.7,239.0,17371
Tesla,2018,84614.0,Petrol,Automatic,2.0,245.0,40761
Honda,2012,156626.0,Diesel,Manual,4.3,396.0,22424
BMW,2018,83303.0,Hybrid,Manual,3.4,315.0,41803
Toyota,2020,71894.0,Petrol,Automatic,4.6,385.0,37165
Mercedes-Benz,2017,161084.0,Petrol,Manual,5.0,411.0,45633
Chevrolet,2012,105473.0,Petrol,Automatic,4.8,,13117
Ford,2013,186549.0,Electric,Manual,0.0,341.0,10056
Honda,2015,129504.0,Diesel,Manual,4.8,275.0,13565
Chevrolet,2016,121102.0,Diesel,Manual,1.2,131.0,3500
Kia,2014,133503.0,Diesel,Automatic,2.4,204.0,6689
Ford,2024,27066.0,Diesel,Automatic,4.2,358.0,45482
Nissan,2017,96649.0,Petrol,Automatic,1.5,163.0,3656
Tesla,2019,90846.0,Diesel,Automatic,4.4,289.0,53403
Honda,2023,47032.0,Diesel,Automatic,1.8,156.0,22062
Mercedes-Benz,2023,12701.0,Hybrid,Manual,2.2,236.0,54852
Tesla,2015,174324.0,Petrol,Automatic,1.2,143.0,24278
Hyundai,2017,125285.0,Diesel,Automatic,2.3,220.0,13076
Tesla,2024,35706.0,Petrol,Automatic,1.7,184.0,51578
Nissan,2017,138237.0,Electric,Manual,0.0,239.0,14004
BMW,2024,34096.0,Petrol,Manual,3.3,202.0,46648
Ford,2012,208072.0,Petrol,Automatic,4.5,461.0,17490
Kia,2011,332318.0,Hybrid,Manual,3.9,351.0,3500
Ford,2011,195830.0,Petrol,Automatic,1.9,178.0,3500
Toyota,2018,116101.0,Electric,Manual,0.0,,27631
Honda,2020,67761.0,Diesel,Manual,2.7,303.0,30188
Kia,2015,199236.0,Petrol,Manual,1.6,130.0,3500
Chevrolet,2022,73529.0,Petrol,Manual,1.0,126.0,15541
BMW,2021,62345.0,Petrol,Automatic,4.0,227.0,38855
Chevrolet,2014,172593.0,Petrol,Manual,3.2,291.0,7387
BMW,2022,87728.0,Petrol,Automatic,2.2,235.0,37710
Mercedes-Benz,2016,93764.0,Diesel,Automatic,1.4,174.0,31708
Nissan,2012,67540.0,Petrol,Automatic,1.4,151.0,3500
Volkswagen,2019,73556.0,Hybrid,Automatic,3.9,246.0,26522
Toyota,2019,88416.0,Diesel,Automatic,4.0,231.0,24085
BMW,2017,124438.0,Diesel,Manual,2.6,212.0,30080
Hyundai,2019,36780.0,Hybrid,Automatic,3.2,237.0,23881
Chevrolet,2023,27228.0,Diesel,Manual,3.4,217.0,32044
Chevrolet,2019,88295.0,Petrol,Automatic,4.5,256.0,20941
Nissan,2013,239184.0,Petrol,Manual,4.8,366.0,10350
Toyota,2022,60803.0,Petrol,Automatic,4.2,284.0,32048
Chevrolet,2023,64820.0,Diesel,Automatic,1.8,197.0,24257
Nissan,2024,12953.0,Hybrid,Manual,1.2,151.0,26144
Volkswagen,2017,55170.0,Petrol,Manual,1.4,137.0,5652
Volkswagen,2018,90792.0,Petrol,Manual,3.3,298.0,20641
Chevrolet,2023,15405.0,Electric,Automatic,0.0,312.0,41298
Audi,2011,173840.0,Electric,Automatic,0.0,324.0,27643
Ford,2018,101662.0,Diesel,Manual,2.0,199.0,10365
Tesla,2015,44567.0,Petrol,Automatic,3.0,251.0,44251
Chevrolet,2011,248618.0,Petrol,Automatic,1.1,152.0,3500
Kia,2019,107377.0,Petrol,Manual,1.4,160.0,6137
Tesla,2021,94503.0,Hybrid,Automatic,3.5,278.0,51332
BMW,2012,,Petrol,Manual,2.8,276.0,21416
Volkswagen,2021,26230.0,Electric,Automatic,0.0,377.0,43442
Chevrolet,2024,29804.0,Electric,Automatic,0.0,289.0,37544
Honda,2013,143587.0,Diesel,Manual,3.7,231.0,3500
Ford,2021,93523.0,Petrol,Automatic,1.8,210.0,19225
Volkswagen,2024,11005.0,Petrol,Automatic,3.3,281.0,39520
Kia,2014,153473.0,Petrol,Automatic,4.6,351.0,12239
Tesla,2013,176095.0,Hybrid,Manual,3.9,308.0,39611
Nissan,2023,66827.0,Hybrid,Automatic,3.7,265.0,35779
BMW,2021,75910.0,Diesel,Automatic,2.6,176.0,41022
Kia,2016,117191.0,Petrol,Manual,3.0,223.0,4236
BMW,2017,80466.0,Diesel,Automatic,2.6,178.0,32257
Nissan,2022,45784.0,Hybrid,Manual,4.2,401.0,40452
Nissan,2021,37787.0,Petrol,Automatic,2.0,195.0,20921
Hyundai,2024,27781.0,Hybrid,Manual,4.3,321.0,37803
Kia,2018,103907.0,Petrol,Automatic,3.8,366.0,23635
Audi,2019,112984.0,Electric,Manual,0.0,186.0,34450
Audi,2024,8829.0,Petrol,Automatic,3.0,270.0,52741
Ford,2021,52680.0,Hybrid,Manual,2.6,223.0,26953
Toyota,2015,206716.0,Petrol,Automatic,1.7,182.0,3500
Ford,2022,23513.0,Petrol,Automatic,2.4,200.0,20249
Chevrolet,2011,169719.0,Petrol,Automatic,4.3,287.0,8312
Audi,2020,82393.0,Diesel,Automatic,3.6,259.0,46112
Tesla,2024,25118.0,Diesel,Automatic,4.4,204.0,58850
Honda,2011,185698.0,Hybrid,Manual,3.6,295.0,9374
Nissan,2012,127443.0,Diesel,Manual,,191.0,3500
Mercedes-Benz,2016,186390.0,Hybrid,Manual,4.0,260.0,33533
Volkswagen,2015,96222.0,Diesel,Automatic,5.0,456.0,30455
Ford,2014,139942.0,Petrol,Automatic,1.7,166.0,3500
Mercedes-Benz,2011,220225.0,Diesel,Manual,3.4,236.0,19718
Tesla,2011,228136.0,Electric,Automatic,0.0,275.0,27130
Audi,2021,68911.0,Petrol,Automatic,2.9,280.0,44929
Mercedes-Benz,2014,104192.0,Petrol,Manual,4.1,345.0,34397
BMW,2019,75750.0,Petrol,Manual,4.1,324.0,40282
BMW,2015,166055.0,Hybrid,Automatic,3.6,336.0,35055
Hyundai,2015,76736.0,Petrol,Automatic,1.5,177.0,5253
Nissan,2019,60670.0,Diesel,Manual,2.0,181.0,13503
Ford,2018,127285.0,Petrol,Manual,1.4,168.0,3500
BMW,2011,186254.0,Electric,Manual,0.0,310.0,27109
Tesla,2019,,Electric,Manual,0.0,373.0,56409
Honda,2016,119655.0,Electric,Manual,0.0,387.0,27520
Tesla,2011,135646.0,Electric,Automatic,0.0,242.0,33821
Honda,2017,89310.0,Petrol,Manual,4.4,354.0,23647
Volkswagen,2013,138162.0,Diesel,Manual,3.4,304.0,9411
Audi,2019,25402.0,Petrol,Automatic,4.5,377.0,49692
Volkswagen,2014,103270.0,Petrol,Automatic,1.9,176.0,6769
Honda,2015,154706.0,Hybrid,Automatic,4.5,364.0,22671
Nissan,2018,61254.0,Petrol,Manual,1.0,124.0,8434
Honda,2014,188235.0,Diesel,Manual,2.1,167.0,3500
Ford,2012,192815.0,Electric,Automatic,0.0,232.0,8529
Tesla,2023,49292.0,Diesel,Manual,1.4,181.0,50960
Chevrolet,2018,131797.0,Petrol,Automatic,4.2,299.0,21130
Toyota,2017,139334.0,Diesel,Manual,4.9,,22502
Ford,2021,85788.0,Petrol,Automatic,3.4,342.0,29584
Ford,2023,39605.0,Hybrid,Automatic,2.1,216.0,32687
Mercedes-Benz,2014,169397.0,Petrol,Automatic,,217.0,25125
Volkswagen,2023,21357.0,Diesel,Manual,4.2,296.0,41201
Honda,2020,64768.0,Diesel,Manual,1.7,174.0,17470
Mercedes-Benz,2017,103835.0,Hybrid,Automatic,2.8,239.0,39149
Mercedes-Benz,2012,191853.0,Diesel,Automatic,3.5,269.0,26314
Hyundai,2019,61431.0,Diesel,Manual,4.5,467.0,32836
Honda,2021,86358.0,Diesel,Manual,4.9,410.0,36861
Tesla,2015,235642.0,Diesel,Automatic,2.1,217.0,27897
Nissan,2021,48548.0,Petrol,Manual,2.8,276.0,21357
Honda,2017,121786.0,Petrol,Manual,2.6,231.0,9399
Kia,2021,86304.0,Diesel,Automatic,2.3,221.0,22065
Kia,2014,92323.0,Hybrid,Automatic,2.8,239.0,13144
Chevrolet,2014,183383.0,Petrol,Manual,2.3,248.0,3500
Ford,2012,122853.0,Diesel,Automatic,2.7,223.0,7626
Audi,2021,68303.0,Hybrid,Manual,4.1,324.0,57159
Toyota,2011,249145.0,Hybrid,Automatic,3.9,,9588
Honda,2019,84644.0,Petrol,Manual,1.7,154.0,9833
Mercedes-Benz,2015,185730.0,Electric,Automatic,,320.0,34737
Hyundai,2012,144717.0,Petrol,Manual,3.4,330.0,7607
Mercedes-Benz,2020,78750.0,Petrol,Automatic,2.5,223.0,41022
Nissan,2017,138251.0,Petrol,Manual,1.3,173.0,5428
Ford,2013,169717.0,Petrol,Automatic,3.8,319.0,11247
Audi,2013,,Electric,Automatic,0.0,336.0,37316
Volkswagen,2016,180753.0,Petrol,Manual,1.4,139.0,3500
Chevrolet,2019,86522.0,Petrol,Automatic,2.4,212.0,17733
Audi,2022,35695.0,Hybrid,Automatic,1.6,173.0,44112
BMW,2017,79343.0,Diesel,Manual,3.1,212.0,32008
Hyundai,2014,102110.0,Petrol,Manual,4.6,310.0,9044
Volkswagen,2018,43767.0,Petrol,Automatic,,387.0,34446
Chevrolet,2017,133764.0,Petrol,Automatic,1.4,145.0,3500
Honda,2020,50866.0,Petrol,Automatic,2.4,181.0,16536
Ford,2012,221691.0,Electric,Automatic,0.0,296.0,4893
Hyundai,2017,127216.0,Diesel,Manual,1.4,151.0,6265
Honda,2013,213123.0,Diesel,Automatic,2.7,206.0,3500
Kia,2019,17154.0,Diesel,Automatic,4.9,,36136
Honda,2024,15696.0,Petrol,Manual,5.0,308.0,37199
Mercedes-Benz,2019,121532.0,Petrol,Automatic,4.7,389.0,52658
Hyundai,2021,72220.0,Petrol,Manual,2.2,212.0,15109
Audi,2019,49983.0,Hybrid,Automatic,4.4,340.0,51737
Kia,2011,173939.0,Petrol,Manual,2.4,209.0,3500
Hyundai,2015,107970.0,Hybrid,Manual,1.4,156.0,6521
Volkswagen,2021,60193.0,Petrol,Manual,1.5,144.0,14465
Audi,2018,78600.0,Diesel,Automatic,3.7,352.0,43354
Honda,2015,111928.0,Petrol,Automatic,3.6,304.0,15226
Volkswagen,2022,75000.0,Petrol,Automatic,2.7,241.0,30112
Toyota,2015,79190.0,Hybrid,Automatic,3.2,293.0,20770
Audi,2017,94056.0,Petrol,Manual,3.8,341.0,42506
Volkswagen,2012,221269.0,Petrol,Automatic,3.6,324.0,9325
Toyota,2023,9922.0,Hybrid,Automatic,2.0,193.0,32662
Audi,2018,89578.0,Petrol,Manual,1.9,153.0,31069
Ford,2023,33941.0,Petrol,Automatic,2.6,236.0,28940
Kia,2023,22849.0,Hybrid,Automatic,3.2,173.0,26414
Mercedes-Benz,2015,140702.0,Petrol,Automatic,2.1,178.0,24580
Honda,2015,56298.0,Diesel,Automatic,2.3,173.0,11177
Toyota,2011,161512.0,Electric,Automatic,0.0,247.0,7195
Ford,2017,73333.0,Hybrid,Manual,,205.0,13608
Mercedes-Benz,2015,162180.0,Electric,Automatic,0.0,241.0,30040
Kia,2017,88713.0,Hybrid,Automatic,4.7,404.0,27834
Volkswagen,2018,110616.0,Diesel,Automatic,3.7,367.0,24121
Audi,2019,94484.0,Petrol,Automatic,3.9,,44065
Chevrolet,2018,192342.0,Petrol,Automatic,3.9,269.0,15686
Mercedes-Benz,2014,209266.0,Electric,Automatic,0.0,205.0,25780
Volkswagen,2019,157035.0,Petrol,Automatic,4.1,311.0,24099
Nissan,2018,122436.0,Diesel,Manual,1.6,161.0,7431
Toyota,2017,76344.0,Petrol,Automatic,4.2,397.0,27512
BMW,2023,22420.0,Diesel,Automatic,1.9,160.0,47468
Honda,2012,157231.0,Hybrid,Automatic,3.2,214.0,7751
Chevrolet,2017,149380.0,Electric,Automatic,0.0,295.0,18394
Volkswagen,2013,219039.0,Electric,Automatic,0.0,366.0,16383
Hyundai,2021,77037.0,Petrol,Manual,2.8,234.0,19116
Kia,2021,92487.0,Petrol,Automatic,4.2,319.0,25317
Chevrolet,2016,79058.0,Diesel,Automatic,2.2,219.0,10047
Ford,2011,196735.0,Electric,Automatic,0.0,301.0,7408
Ford,2012,132568.0,Diesel,Manual,4.7,363.0,11254
Ford,2014,218602.0,Diesel,Manual,3.5,282.0,9126
BMW,2013,193197.0,Petrol,Automatic,3.5,274.0,22461
BMW,2018,87040.0,Electric,Automatic,0.0,292.0,44216
Audi,2019,40841.0,Petrol,Automatic,1.2,158.0,32290
Tesla,2014,136009.0,Petrol,Automatic,1.7,188.0,27948
Ford,2014,191014.0,Hybrid,Manual,1.8,191.0,3543
Audi,2013,173618.0,Petrol,Automatic,1.2,119.0,13342
BMW,2014,175464.0,Petrol,Manual,1.5,161.0,9980
Kia,2015,217039.0,Petrol,Automatic,4.5,,16356
Toyota,2021,101093.0,,Automatic,2.9,294.0,23892
Tesla,2019,105373.0,Petrol,Manual,3.4,335.0,50753
Ford,2015,57255.0,Petrol,Manual,2.7,241.0,14042
Audi,2011,130812.0,Petrol,Manual,3.7,273.0,21528
Chevrolet,2024,40421.0,Hybrid,Automatic,4.3,366.0,43710
Honda,2019,77463.0,Diesel,Automatic,2.7,277.0,20921
Audi,2020,103124.0,Hybrid,Automatic,4.6,280.0,51333
Hyundai,2014,176145.0,Hybrid,Automatic,2.8,265.0,8726
Toyota,2012,142779.0,Hybrid,Manual,4.5,368.0,16995
Nissan,2017,129382.0,Hybrid,Automatic,2.4,222.0,16440
Honda,2024,18546.0,Petrol,Manual,2.0,207.0,26245
Hyundai,2020,44086.0,Diesel,Automatic,4.8,381.0,42312
Mercedes-Benz,2020,96018.0,Petrol,Automatic,,297.0,45588
BMW,2018,57775.0,Electric,Automatic,0.0,306.0,42019
Kia,2015,121178.0,Petrol,Manual,3.2,263.0,10314
Toyota,2014,168122.0,Petrol,Manual,2.2,225.0,3901
Nissan,2019,92120.0,Electric,Automatic,0.0,369.0,31545
Kia,2017,210378.0,Petrol,Automatic,2.1,216.0,5294
Honda,2018,34241.0,Petrol,Automatic,,251.0,18058
Tesla,2017,90416.0,Diesel,Automatic,2.9,278.0,45014
Nissan,2022,32412.0,Petrol,Automatic,3.6,273.0,31229
Audi,2014,148849.0,Petrol,Automatic,2.1,213.0,24936
BMW,2022,59176.0,Diesel,Automatic,1.3,131.0,38403
Hyundai,2024,10079.0,Petrol,Automatic,2.0,152.0,21703
Honda,2012,265500.0,Petrol,Automatic,2.6,232.0,3500
BMW,2021,40467.0,Electric,Automatic,0.0,213.0,41484
Nissan,2024,34975.0,,Manual,3.7,290.0,26001
Kia,2015,110973.0,Petrol,Manual,1.8,186.0,3500
Honda,2016,180831.0,Diesel,Automatic,4.5,358.0,23802
Nissan,2023,48242.0,Petrol,Automatic,2.2,200.0,25214
Mercedes-Benz,2014,216263.0,Hybrid,Manual,4.7,321.0,34713
Honda,2012,162694.0,Electric,Automatic,0.0,220.0,10559
Toyota,2014,106051.0,Petrol,Automatic,3.0,284.0,11787
Ford,2019,79230.0,Petrol,Automatic,1.8,158.0,13682
BMW,2024,2500.0,Electric,Automatic,0.0,416.0,66755
Kia,2012,125472.0,Petrol,Manual,1.5,146.0,3500
Mercedes-Benz,2017,113005.0,Petrol,Automatic,1.6,146.0,30631
Audi,2012,138521.0,Petrol,Manual,1.6,151.0,10522
Toyota,2019,23291.0,Petrol,Manual,1.3,159.0,19520
Volkswagen,2024,7095.0,Petrol,Manual,2.3,174.0,34249
Kia,2015,237435.0,Petrol,Automatic,2.4,254.0,3500
Toyota,2017,,Petrol,Manual,3.4,289.0,16055
Mercedes-Benz,2018,33720.0,Diesel,Manual,2.8,267.0,40428
BMW,2015,149995.0,Electric,Automatic,0.0,381.0,41647
Tesla,2023,31170.0,Diesel,Manual,3.6,281.0,62131
Audi,2016,108920.0,Hybrid,Automatic,4.0,316.0,41645
Tesla,2014,185494.0,Petrol,Manual,3.9,279.0,30031
Tesla,2022,24737.0,Hybrid,Manual,4.8,354.0,63447
Nissan,2013,240248.0,Diesel,Manual,4.2,341.0,7800
Nissan,2016,104045.0,Diesel,Automatic,1.7,181.0,4960
Toyota,2013,106370.0,Diesel,Manual,2.1,227.0,3849
Ford,2018,80297.0,Diesel,Manual,1.7,194.0,9422
Honda,2014,123238.0,Petrol,Automatic,3.5,342.0,17960
Mercedes-Benz,2018,153825.0,Petrol,Automatic,1.4,167.0,27483
Ford,2015,134306.0,,Automatic,3.0,262.0,10868
Chevrolet,2015,127854.0,Diesel,Automatic,4.2,322.0,17241
Toyota,2018,87570.0,Diesel,Automatic,4.6,466.0,37697
Honda,2018,87894.0,Petrol,Automatic,4.4,296.0,22517
Nissan,2011,148028.0,Petrol,Automatic,2.0,202.0,3500
Chevrolet,2014,138844.0,Diesel,Automatic,2.9,268.0,13585
Kia,2017,102527.0,Petrol,Automatic,2.1,181.0,3500
Kia,2011,101539.0,Petrol,Automatic,2.8,206.0,3500
Kia,2022,50209.0,Diesel,Automatic,4.9,377.0,39086
Volkswagen,2020,65464.0,Diesel,Automatic,4.2,435.0,38130
Hyundai,2012,157368.0,Hybrid,Automatic,4.3,357.0,15090
Kia,2013,236314.0,Petrol,Manual,4.2,,3500
Hyundai,2013,,Petrol,Automatic,1.8,165.0,3500
Audi,2018,113107.0,Petrol,Automatic,1.3,136.0,25512
Kia,2015,97534.0,Petrol,Manual,4.5,399.0,20435
Kia,2024,24849.0,Petrol,Automatic,4.1,278.0,43760
Tesla,2020,120013.0,Hybrid,Automatic,2.9,252.0,45795
Ford,2011,144989.0,Petrol,Automatic,2.4,200.0,3500
Kia,2011,90205.0,Petrol,Automatic,4.8,395.0,16687
Audi,2022,58061.0,Diesel,Automatic,2.7,268.0,46615
Kia,2023,36341.0,Petrol,Manual,2.6,171.0,21303
Chevrolet,2015,106268.0,Diesel,Manual,4.6,375.0,27009
Volkswagen,2019,60361.0,Petrol,Manual,1.3,168.0,9888
Hyundai,2019,157436.0,Diesel,Automatic,2.9,267.0,16792
Hyundai,2012,187861.0,Diesel,Manual,4.8,369.0,9413
Nissan,2022,,Petrol,Automatic,4.7,386.0,41155
Volkswagen,2018,125298.0,Diesel,Manual,1.8,189.0,10794
Hyundai,2023,56285.0,Petrol,Automatic,1.3,170.0,20720
Chevrolet,2011,104170.0,Diesel,Automatic,1.5,,3500
Mercedes-Benz,2023,28126.0,Diesel,Automatic,1.7,202.0,49720
Hyundai,2020,112563.0,Electric,Manual,0.0,197.0,15924
Chevrolet,2020,86627.0,Electric,Automatic,0.0,251.0,24459
Kia,2017,68825.0,Petrol,Manual,3.0,214.0,16389
Kia,2013,124119.0,Electric,Manual,0.0,294.0,14005
Honda,2022,69203.0,Electric,Manual,0.0,283.0,29705
Honda,2021,86581.0,Diesel,Automatic,2.4,195.0,23416
Volkswagen,2021,75517.0,Hybrid,Automatic,1.1,132.0,19193
Mercedes-Benz,2016,47936.0,Hybrid,Manual,2.5,234.0,37821
Chevrolet,2021,66995.0,Diesel,Manual,1.0,131.0,11557
Hyundai,2014,90583.0,Diesel,Manual,1.7,177.0,4906
Nissan,2023,63853.0,Hybrid,Manual,3.3,231.0,30618
BMW,2015,59596.0,Petrol,Manual,4.5,336.0,36004
Mercedes-Benz,2017,126261.0,Diesel,Manual,4.4,233.0,34462
Hyundai,2015,165526.0,Petrol,Automatic,1.2,134.0,3500
Hyundai,2024,17718.0,Petrol,Manual,1.7,164.0,23178
Chevrolet,2014,100273.0,Diesel,Manual,3.0,236.0,10957
Mercedes-Benz,2024,42748.0,Diesel,Automatic,4.2,269.0,58177
Hyundai,2012,83788.0,Petrol,Automatic,3.1,283.0,8554
Toyota,2016,116591.0,Diesel,Automatic,4.4,354.0,22370
Nissan,2017,114518.0,Petrol,Automatic,2.6,275.0,14031
Nissan,2018,112711.0,Hybrid,Manual,1.5,160.0,9853
Chevrolet,2014,206767.0,Petrol,Automatic,4.1,385.0,10924
Chevrolet,2020,52596.0,Petrol,Automatic,4.1,261.0,25630
Honda,2012,211248.0,Diesel,Automatic,1.6,202.0,3500
Kia,2017,68545.0,Petrol,Manual,4.9,371.0,21668
Mercedes-Benz,2020,52480.0,Petrol,Automatic,2.0,177.0,39477
BMW,2020,58199.0,Electric,Manual,0.0,292.0,45567
Chevrolet,2021,55912.0,Petrol,Automatic,3.3,294.0,35069
Mercedes-Benz,2022,40417.0,Petrol,Automatic,1.3,163.0,41698
Chevrolet,2022,50375.0,Electric,Automatic,0.0,324.0,36955
Hyundai,2023,47200.0,Petrol,Automatic,3.9,330.0,32209
Hyundai,2013,60663.0,Petrol,Automatic,3.5,268.0,9341
Kia,2015,210538.0,Hybrid,Manual,1.4,146.0,3500
Kia,2017,78721.0,Petrol,Manual,1.5,183.0,9699
Tesla,2024,,Diesel,Automatic,1.4,140.0,51379
Honda,2017,168487.0,Petrol,Manual,3.6,265.0,13233
Chevrolet,2014,146796.0,Petrol,Manual,2.9,220.0,4914
Hyundai,2014,118422.0,Petrol,Automatic,4.4,370.0,20518
BMW,2023,,Petrol,Automatic,1.6,157.0,42130
Mercedes-Benz,2019,63884.0,Petrol,Automatic,2.4,235.0,39756
Toyota,2020,81114.0,Petrol,Manual,1.5,173.0,18985
Nissan,2024,18563.0,Petrol,Manual,2.8,275.0,25335
Mercedes-Benz,2021,83392.0,Hybrid,Automatic,3.7,305.0,54646
Mercedes-Benz,2024,44640.0,Diesel,Manual,2.5,220.0,49975
Mercedes-Benz,2013,136735.0,Petrol,Automatic,2.0,213.0,26354
Volkswagen,2015,126162.0,Diesel,Automatic,1.6,,5474
Nissan,2011,144376.0,Petrol,Automatic,2.0,237.0,3500
Honda,2015,78326.0,Petrol,Automatic,4.0,343.0,21877
Tesla,2013,105975.0,Petrol,Automatic,2.1,218.0,26116
BMW,2023,4104.0,Petrol,Manual,3.1,221.0,43410
Mercedes-Benz,2016,116821.0,Electric,Manual,0.0,367.0,40930
Nissan,2018,131569.0,Diesel,Manual,3.6,255.0,14554
Ford,2016,63707.0,Petrol,Automatic,1.0,125.0,3863
Nissan,2020,107515.0,Petrol,Automatic,4.7,428.0,32125
Kia,2021,76673.0,Petrol,Automatic,3.0,261.0,24952
Hyundai,2013,113779.0,Petrol,Automatic,4.4,347.0,12440
Ford,2017,150688.0,Hybrid,Automatic,2.6,214.0,14643
Hyundai,2020,98065.0,Diesel,Automatic,2.7,234.0,22164
Volkswagen,2018,105448.0,Hybrid,Manual,3.7,322.0,25155
Chevrolet,2016,108219.0,Hybrid,Automatic,3.4,247.0,20010
Kia,2022,43136.0,Petrol,Manual,1.5,148.0,16686
Kia,2017,97674.0,Petrol,Manual,1.6,163.0,10758
BMW,2021,75648.0,Hybrid,Manual,1.3,163.0,34484
Audi,2014,168489.0,Diesel,Automatic,2.1,206.0,20044
BMW,2014,226081.0,Diesel,Automatic,2.7,194.0,17919
Ford,2018,118975.0,Petrol,Automatic,2.6,312.0,23147
BMW,2015,115188.0,Hybrid,Automatic,1.4,181.0,24567
Mercedes-Benz,2017,103783.0,Petrol,Automatic,2.9,208.0,32287
Kia,2017,56447.0,Petrol,Manual,4.5,271.0,23027
Hyundai,2020,91633.0,Petrol,Manual,2.9,246.0,18413
BMW,2021,70267.0,Diesel,Automatic,2.6,231.0,43935
Hyundai,2015,127364.0,Petrol,Automatic,3.9,287.0,11420
Ford,2014,139402.0,Diesel,Manual,2.5,276.0,4942
BMW,2011,131949.0,Diesel,Automatic,3.1,288.0,23323
Tesla,2020,35817.0,Petrol,Automatic,2.0,170.0,42213
Audi,2014,77235.0,Petrol,Automatic,1.6,172.0,20146
BMW,2011,175654.0,Petrol,Manual,1.1,129.0,3922
Kia,2023,22527.0,Diesel,Automatic,2.9,203.0,27797
Nissan,2014,137865.0,Petrol,Manual,2.2,185.0,3500
Ford,2012,85328.0,Petrol,Automatic,3.8,249.0,6703
Chevrolet,2017,110826.0,Petrol,Automatic,1.9,176.0,7981
Tesla,2017,155813.0,Hybrid,Automatic,3.8,298.0,43131
Chevrolet,2021,88131.0,Petrol,Manual,3.0,276.0,22060
BMW,2022,75107.0,Hybrid,Automatic,3.5,368.0,53236
Audi,2011,119207.0,Petrol,Automatic,1.2,149.0,13491
Nissan,2013,142425.0,Electric,Automatic,0.0,373.0,17843
Mercedes-Benz,2014,171335.0,Electric,Manual,0.0,387.0,40511
Volkswagen,2016,92243.0,Diesel,Manual,4.3,318.0,17952
Audi,2011,127863.0,Petrol,Manual,2.2,200.0,20079
Toyota,2016,82450.0,Petrol,Automatic,2.2,233.0,9590
Tesla,2014,90063.0,Diesel,Manual,2.4,234.0,36079
BMW,2011,141220.0,Electric,Automatic,0.0,318.0,26462
Nissan,2016,93670.0,Hybrid,Manual,2.5,149.0,8416
Tesla,2022,35551.0,Hybrid,Automatic,2.2,211.0,51313
Volkswagen,2013,67611.0,Petrol,Automatic,4.3,375.0,20912
Toyota,2012,211551.0,Electric,Automatic,0.0,287.0,5847
Audi,2015,41448.0,Diesel,Automatic,3.2,276.0,38742
Audi,2024,40829.0,Petrol,Manual,1.9,158.0,39713
Volkswagen,2014,193108.0,Hybrid,Automatic,3.3,246.0,8891
Toyota,2023,23956.0,Diesel,Automatic,2.1,219.0,33360
Honda,2011,113554.0,Petrol,Manual,3.4,307.0,4103
Audi,2012,254030.0,Petrol,Automatic,3.9,220.0,12865
Volkswagen,2019,61397.0,Hybrid,Manual,1.7,195.0,20543
Chevrolet,2018,112552.0,Diesel,Automatic,1.0,120.0,6850
Kia,2018,82632.0,Electric,Automatic,0.0,367.0,27796
Honda,2023,39630.0,Electric,Automatic,0.0,390.0,44608
Kia,2013,147735.0,Petrol,Automatic,1.7,177.0,3500
Kia,2012,181350.0,Diesel,Manual,4.9,390.0,12105
Tesla,2011,104708.0,Petrol,Manual,1.4,142.0,23065
Nissan,2017,89499.0,Petrol,Manual,1.8,199.0,10088
Ford,2016,149820.0,Hybrid,Automatic,1.7,206.0,10053
Chevrolet,2015,121376.0,Petrol,Manual,2.8,233.0,10988
Kia,2022,47517.0,Diesel,Manual,2.0,173.0,16324
BMW,2016,136053.0,Petrol,Manual,3.6,270.0,20876
Ford,2011,129100.0,,Automatic,4.7,443.0,14438
Volkswagen,2023,18541.0,Petrol,Automatic,3.3,298.0,38478
Ford,2015,206063.0,Electric,Manual,0.0,213.0,3500
Volkswagen,2015,162531.0,Diesel,Manual,2.8,312.0,13325
Ford,2024,3006.0,Petrol,Manual,1.4,178.0,23059
Honda,2011,196973.0,Diesel,Automatic,2.2,180.0,3500
Ford,2019,112077.0,Petrol,Automatic,1.2,148.0,11915
Nissan,2019,60115.0,Hybrid,Manual,1.6,173.0,12934
Honda,2015,71498.0,Hybrid,Automatic,2.0,185.0,15158
Kia,2020,108909.0,Hybrid,Manual,2.4,198.0,18926
BMW,2011,201831.0,Hybrid,Automatic,3.7,340.0,26028
Tesla,2020,75555.0,Electric,Automatic,0.0,206.0,47656
BMW,2020,85902.0,Petrol,Manual,4.6,345.0,46795
Toyota,2022,67840.0,Petrol,Manual,5.0,367.0,34085
Ford,2014,82699.0,Hybrid,Manual,,373.0,19482
Ford,2014,159530.0,Hybrid,Manual,1.8,191.0,3500
Nissan,2024,27336.0,Diesel,Automatic,2.6,256.0,35205
Audi,2020,106845.0,Petrol,Automatic,1.6,161.0,32826
Nissan,2014,111359.0,,Manual,4.1,281.0,18778
BMW,2011,196609.0,Electric,Manual,0.0,467.0,30287
Toyota,2011,134894.0,Electric,Automatic,0.0,260.0,11796
Toyota,2016,139106.0,Diesel,Automatic,2.7,277.0,13890
Toyota,2024,,Petrol,Manual,4.2,365.0,42440
Hyundai,2022,92751.0,Petrol,Automatic,2.8,244.0,20973
Chevrolet,2024,47697.0,Diesel,Manual,3.6,305.0,32698
Toyota,2012,178078.0,Hybrid,Manual,4.2,339.0,7928
BMW,2019,76639.0,Petrol,Automatic,1.8,191.0,32682
Audi,2019,90697.0,Electric,Manual,0.0,309.0,43943
Ford,2023,56722.0,Electric,Manual,0.0,318.0,35862
Volkswagen,2014,182174.0,Petrol,Automatic,2.0,233.0,5455
Volkswagen,2013,148639.0,Diesel,Manual,3.5,274.0,12919
Mercedes-Benz,2012,89214.0,Diesel,Automatic,2.3,241.0,25678
Mercedes-Benz,2013,110746.0,Diesel,Automatic,2.0,179.0,25816
Chevrolet,2015,181892.0,Petrol,Automatic,4.2,248.0,10539
BMW,2022,37949.0,Hybrid,Manual,3.4,221.0,46785
Toyota,2019,39799.0,,Automatic,2.2,239.0,26923
Volkswagen,2015,134386.0,Petrol,Manual,1.7,172.0,3500
BMW,2020,68967.0,Petrol,Automatic,2.5,183.0,37094
Tesla,2020,82937.0,Petrol,Manual,4.5,364.0,51939
Volkswagen,2015,139891.0,Petrol,Automatic,3.7,234.0,12243
Tesla,2015,139431.0,Hybrid,Automatic,4.8,329.0,50719
BMW,2016,103339.0,Hybrid,Automatic,1.0,120.0,24610
Hyundai,2019,72801.0,Diesel,Automatic,1.3,146.0,11044
Toyota,2011,120939.0,Diesel,Automatic,3.8,342.0,12627
Mercedes-Benz,2019,53033.0,Petrol,Automatic,4.3,426.0,54240
Audi,2019,87554.0,Diesel,Manual,3.4,310.0,44378
Hyundai,2016,87483.0,Petrol,Automatic,1.3,135.0,3500
Mercedes-Benz,2011,163909.0,Diesel,Automatic,4.2,348.0,29989
Chevrolet,2017,74977.0,Petrol,Automatic,2.8,268.0,19633
Kia,2023,36084.0,Hybrid,Manual,4.0,338.0,38180
Toyota,2013,82311.0,Diesel,Manual,4.6,373.0,14919
Kia,2016,66844.0,Diesel,Automatic,4.6,385.0,31664
Volkswagen,2023,38453.0,Petrol,Manual,3.3,,32386
Chevrolet,2021,34747.0,Electric,Automatic,0.0,342.0,40817
Hyundai,2012,207206.0,Electric,Automatic,0.0,259.0,3500
Chevrolet,2021,82168.0,Diesel,Automatic,4.6,276.0,29172
Volkswagen,2018,111833.0,Electric,Automatic,0.0,376.0,35424
Honda,2012,145248.0,Petrol,Automatic,1.3,161.0,3500
Nissan,2020,59610.0,Petrol,Automatic,2.2,214.0,20130
Nissan,2013,173272.0,Electric,Automatic,0.0,351.0,10885
Toyota,2019,56102.0,Hybrid,Automatic,3.7,336.0,38027
Toyota,2024,50385.0,Petrol,Automatic,4.0,319.0,39302
Kia,2017,46566.0,Petrol,Manual,1.3,156.0,11907
Volkswagen,2019,35515.0,Petrol,Automatic,4.2,330.0,35060
BMW,2011,297400.0,Hybrid,Automatic,3.9,341.0,16617
Honda,2023,24372.0,Petrol,Automatic,4.5,368.0,43307
Honda,2020,78462.0,Petrol,Manual,4.1,324.0,28202
Audi,2016,104359.0,Petrol,Automatic,4.0,331.0,40247
Nissan,2022,23851.0,Petrol,Automatic,3.1,251.0,29592
Tesla,2022,23554.0,Petrol,Manual,2.4,208.0,44832
Honda,2013,131774.0,Petrol,Manual,3.7,373.0,18294
Volkswagen,2015,46992.0,Petrol,Automatic,3.2,246.0,20151
Toyota,2013,178417.0,Petrol,Manual,2.1,223.0,3500
Volkswagen,2014,129363.0,Petrol,Automatic,5.0,297.0,15130
Tesla,2022,,Diesel,Automatic,3.2,268.0,54534
Kia,2021,72015.0,Diesel,Manual,4.3,234.0,23584
Audi,2015,189106.0,Petrol,Manual,1.7,142.0,17624
Chevrolet,2014,59322.0,Petrol,Manual,4.1,242.0,10468
Mercedes-Benz,2013,158795.0,Hybrid,Manual,4.9,326.0,34601
Kia,2021,96347.0,Petrol,Automatic,3.1,241.0,21976
Nissan,2022,56541.0,Diesel,Automatic,3.5,333.0,37522
Audi,2012,127462.0,Diesel,Manual,2.1,230.0,16767
Hyundai,2015,81110.0,Diesel,Manual,4.0,341.0,21931
Kia,2022,74240.0,Hybrid,Manual,5.0,325.0,35128
Toyota,2014,195140.0,Petrol,Automatic,4.3,369.0,15111
Volkswagen,2011,211540.0,Petrol,Manual,3.7,376.0,10237
Audi,2017,115671.0,Petrol,Automatic,3.6,310.0,34771
Volkswagen,2011,332765.0,Petrol,Automatic,2.2,229.0,3500
BMW,2019,39837.0,Hybrid,Automatic,1.2,142.0,32111
Kia,2021,82026.0,Petrol,Manual,3.7,298.0,26690
Tesla,2020,103676.0,Petrol,Manual,2.5,252.0,40558
Kia,2024,44986.0,Electric,Automatic,0.0,308.0,41315
BMW,2022,22151.0,Diesel,Manual,3.3,292.0,47905
Chevrolet,2022,50384.0,Hybrid,Automatic,4.0,425.0,41500
Kia,2011,245059.0,Petrol,Automatic,4.0,368.0,4491
Tesla,2023,44591.0,Hybrid,Automatic,1.6,203.0,57328
Toyota,2017,103193.0,Petrol,Manual,5.0,381.0,30472
Nissan,2016,139150.0,Diesel,Manual,4.1,316.0,15702
Mercedes-Benz,2018,106402.0,Diesel,Automatic,4.4,421.0,52508
Tesla,2018,82334.0,Hybrid,Automatic,3.5,304.0,57339
Chevrolet,2023,52008.0,Diesel,Manual,2.2,203.0,25268
Toyota,2013,79898.0,Hybrid,Automatic,3.5,226.0,16123
Hyundai,2011,78521.0,Diesel,Manual,1.4,167.0,3500
Toyota,2021,57329.0,Petrol,Manual,3.5,199.0,23051
Toyota,2019,115420.0,Petrol,Automatic,1.8,152.0,8448
Hyundai,2024,23975.0,Petrol,Manual,3.4,250.0,33439
Audi,2016,114600.0,Hybrid,Automatic,1.5,184.0,28186
Honda,2020,66242.0,Petrol,Manual,2.3,207.0,19691
Ford,2019,111901.0,Hybrid,Manual,2.3,158.0,12618
Honda,2017,55957.0,Petrol,Manual,1.4,159.0,8791
Kia,2015,70643.0,Electric,Automatic,0.0,345.0,22162
Volkswagen,2016,72745.0,Petrol,Automatic,1.2,145.0,11108
Chevrolet,2015,128543.0,Diesel,Automatic,3.6,225.0,7643
BMW,2016,147135.0,,Automatic,2.7,171.0,25904
Chevrolet,2017,82502.0,Petrol,Automatic,4.2,355.0,30626
Honda,2014,180989.0,Diesel,Automatic,4.4,339.0,18353
Honda,2016,119752.0,Hybrid,Manual,2.8,304.0,17845
Volkswagen,2020,79208.0,Petrol,Manual,1.1,127.0,16217
Ford,2013,82229.0,,Automatic,1.8,162.0,5531
Toyota,2013,252385.0,Diesel,Manual,2.9,221.0,3500
Chevrolet,2017,141987.0,Hybrid,Manual,2.4,,14686
Mercedes-Benz,2018,119158.0,Diesel,Manual,1.1,131.0,29068
Tesla,2024,34577.0,Diesel,Manual,4.3,303.0,63678
Audi,2023,30024.0,Diesel,Manual,2.9,226.0,47500
Mercedes-Benz,2020,54693.0,Diesel,Automatic,1.3,134.0,41566
Toyota,2014,185419.0,Diesel,Manual,1.1,120.0,3500
BMW,2021,74272.0,Petrol,Automatic,1.3,129.0,28199
Ford,2015,163876.0,Electric,Automatic,0.0,418.0,23299
Honda,2022,63048.0,Hybrid,Automatic,2.1,152.0,22435
Volkswagen,2012,135049.0,Diesel,Automatic,2.4,174.0,5335
Volkswagen,2013,,Diesel,Automatic,3.1,317.0,5227
Hyundai,2016,82936.0,Hybrid,Manual,3.4,269.0,17555
Toyota,2014,87245.0,Diesel,Automatic,3.0,169.0,10930
Audi,2015,148277.0,Petrol,Automatic,4.5,360.0,36571
Volkswagen,2019,67951.0,Electric,Automatic,0.0,295.0,32480
Nissan,2014,209235.0,Diesel,Manual,4.8,374.0,13897
Chevrolet,2018,123283.0,Petrol,Automatic,2.4,198.0,10315
Ford,2024,17575.0,Hybrid,Manual,1.8,175.0,30803
Audi,2020,68720.0,Hybrid,Automatic,4.0,351.0,53730
Chevrolet,2024,39035.0,Petrol,Manual,3.5,320.0,34629
Mercedes-Benz,2022,65983.0,Petrol,Automatic,4.3,311.0,51875
Honda,2013,254600.0,Hybrid,Automatic,1.8,171.0,3500
Audi,2017,130781.0,Electric,Automatic,0.0,324.0,41441
Tesla,2020,54923.0,Petrol,Automatic,3.7,286.0,49932
Hyundai,2016,49831.0,Diesel,Manual,2.6,241.0,21582
Tesla,2016,50070.0,Diesel,Manual,4.4,389.0,59877
Nissan,2022,31809.0,Petrol,Manual,3.8,357.0,31742
Toyota,2014,42738.0,Diesel,Manual,3.7,252.0,15719
Honda,2020,52511.0,Petrol,Automatic,3.9,301.0,34854
Nissan,2023,51494.0,Petrol,Automatic,5.0,411.0,43422
Mercedes-Benz,2014,178493.0,Petrol,Automatic,2.9,220.0,23693
Volkswagen,2014,128793.0,Diesel,Manual,5.0,373.0,21755
Ford,2022,21414.0,Petrol,Automatic,2.9,198.0,21829
Ford,2019,,Hybrid,Automatic,1.2,152.0,20451
Nissan,2022,52110.0,Petrol,Manual,4.0,334.0,30014
Nissan,2013,117182.0,Petrol,Automatic,2.8,278.0,13105
Ford,2011,105254.0,Diesel,Manual,2.1,239.0,6066
Audi,2013,145257.0,Petrol,Automatic,3.0,234.0,25123
Kia,2018,59658.0,Petrol,Automatic,1.1,147.0,14801
BMW,2014,74537.0,Hybrid,Manual,1.6,167.0,22890
Tesla,2014,187725.0,Diesel,Manual,1.5,146.0,19570
Nissan,2018,75864.0,Diesel,Automatic,3.8,,21703
Hyundai,2019,26508.0,Diesel,Automatic,4.9,356.0,36551
Hyundai,2013,60344.0,Diesel,Manual,1.0,139.0,3500
Kia,2020,99741.0,Diesel,Automatic,5.0,289.0,24492
Toyota,2016,,Petrol,Manual,2.1,204.0,7500
Honda,2014,158769.0,Petrol,Manual,3.9,307.0,14881
Kia,2012,149259.0,Petrol,Automatic,2.0,200.0,3500
Toyota,2016,180860.0,Petrol,Automatic,3.6,328.0,16266
Tesla,2011,209548.0,Electric,Automatic,0.0,353.0,39049
Ford,2022,32111.0,Petrol,Manual,4.3,254.0,22526
Toyota,2012,272524.0,Petrol,Automatic,2.2,198.0,3500
Ford,2018,70442.0,,Automatic,4.8,420.0,32443
Ford,2012,307571.0,Hybrid,Manual,,331.0,7093
Toyota,2016,116693.0,Petrol,Automatic,2.7,220.0,13169
Tesla,2011,74974.0,Diesel,Automatic,4.6,257.0,33728
Toyota,2024,38079.0,Electric,Automatic,0.0,358.0,45282
Volkswagen,2022,39568.0,Diesel,Manual,2.4,156.0,26090
Ford,2019,46939.0,Electric,Manual,0.0,233.0,21635
Tesla,2019,81162.0,Petrol,Manual,4.4,321.0,54994
Tesla,2021,50433.0,Hybrid,Automatic,2.8,235.0,54875
Ford,2016,49153.0,Petrol,Manual,2.1,200.0,8588
Nissan,2022,19979.0,Hybrid,Manual,4.9,353.0,43071
Ford,2019,17072.0,Petrol,Manual,1.0,138.0,12868
Nissan,2017,99975.0,Diesel,Manual,2.1,196.0,10611
BMW,2022,71341.0,Electric,Automatic,0.0,421.0,56936
Chevrolet,2020,90309.0,Petrol,Automatic,4.3,396.0,34772
Honda,2019,95279.0,Diesel,Automatic,3.1,260.0,16790
Audi,2021,60420.0,Petrol,Automatic,3.5,309.0,51354
Tesla,2021,60874.0,Hybrid,Automatic,2.5,291.0,57299
Hyundai,2018,78285.0,Hybrid,Manual,3.2,280.0,17920
Volkswagen,2016,,Electric,Automatic,0.0,322.0,23169
Nissan,2013,111333.0,Petrol,Manual,1.4,157.0,3500
Honda,2012,104689.0,Electric,Automatic,0.0,255.0,14892
BMW,2018,152164.0,Petrol,Automatic,3.5,362.0,39238
Nissan,2024,14398.0,Petrol,Manual,1.2,142.0,22358
Audi,2024,25191.0,Hybrid,Manual,3.4,275.0,60153
BMW,2024,16509.0,Petrol,Automatic,2.6,223.0,44741
Tesla,2014,168549.0,Petrol,Manual,4.6,292.0,31980
Ford,2018,140771.0,Petrol,Automatic,3.3,246.0,19330
Honda,2014,227905.0,Diesel,Manual,2.3,232.0,3500
Mercedes-Benz,2016,111277.0,Hybrid,Automatic,4.8,344.0,46443
Ford,2019,41491.0,Petrol,Manual,1.8,190.0,14152
Volkswagen,2019,60538.0,Electric,Manual,0.0,303.0,30575
Tesla,2022,37468.0,Hybrid,Automatic,4.9,319.0,63375
Mercedes-Benz,2021,58501.0,Hybrid,Automatic,2.4,227.0,47960
Honda,2022,50525.0,Petrol,Automatic,2.3,227.0,25158
Toyota,2024,33518.0,Petrol,Automatic,3.3,260.0,33999
Volkswagen,2018,130450.0,Petrol,Manual,3.8,247.0,16770
Nissan,2021,47087.0,Hybrid,Automatic,3.9,307.0,37399
Volkswagen,2019,25686.0,Hybrid,Automatic,2.2,179.0,20459
BMW,2013,174246.0,Diesel,Automatic,1.4,145.0,12750
Kia,2021,61917.0,Petrol,Manual,4.8,423.0,37401
Nissan,2022,48914.0,Hybrid,Automatic,4.9,352.0,40486
Hyundai,2019,80992.0,Petrol,Manual,1.2,143.0,6944
Nissan,2022,2500.0,Hybrid,Automatic,2.6,264.0,33242
Audi,2019,94478.0,Diesel,Automatic,2.8,208.0,37941
Audi,2012,125410.0,Electric,Manual,0.0,425.0,36967
Audi,2011,268234.0,Petrol,Automatic,4.9,208.0,18203
Toyota,2014,244843.0,Diesel,Automatic,1.0,120.0,3500
Audi,2019,91475.0,Petrol,Automatic,4.5,334.0,46307
Honda,2024,20684.0,Electric,Automatic,0.0,385.0,43826
Ford,2014,53535.0,Petrol,Automatic,1.5,165.0,7018
Ford,2016,125420.0,Petrol,Manual,2.1,176.0,3500
Audi,2024,13542.0,Petrol,Automatic,3.7,264.0,51095
Nissan,2014,157571.0,Electric,Manual,0.0,262.0,10600
Volkswagen,2013,127192.0,Diesel,Automatic,4.0,345.0,24075
Kia,2019,56891.0,Hybrid,Automatic,3.7,285.0,24285
Nissan,2011,155696.0,Petrol,Manual,3.3,225.0,3500
Chevrolet,2018,73157.0,Petrol,Manual,4.8,443.0,30494
Tesla,2023,41160.0,Petrol,Automatic,1.9,176.0,52790
Audi,2023,67281.0,Petrol,Automatic,2.3,255.0,48591
Mercedes-Benz,2020,44787.0,Petrol,Automatic,2.2,188.0,44302
Nissan,2013,107177.0,Petrol,Automatic,4.1,389.0,20724
BMW,2021,27544.0,Hybrid,Automatic,3.2,319.0,54210
Honda,2021,23547.0,Hybrid,Automatic,1.8,172.0,26906
Mercedes-Benz,2022,41363.0,Electric,Automatic,0.0,231.0,50583
Hyundai,2018,101192.0,Diesel,Automatic,3.6,251.0,14624
Toyota,2016,78520.0,Diesel,Automatic,1.1,140.0,5217
Kia,2023,36341.0,Petrol,Manual,2.6,171.0,21303
Nissan,2015,190352.0,Electric,Manual,0.0,237.0,3684
Audi,2014,148849.0,Petrol,Automatic,2.1,213.0,24936
Ford,2011,196735.0,Electric,Automatic,,301.0,7408
Tesla,2019,81162.0,Petrol,Manual,4.4,321.0,54994
Honda,2014,227905.0,Diesel,Manual,2.3,232.0,3500
Chevrolet,2018,73157.0,Petrol,Manual,4.8,443.0,30494
Volkswagen,2014,249190.0,Diesel,Manual,1.1,134.0,3500
Ford,2022,68149.0,Petrol,Automatic,3.0,276.0,29172
Kia,2022,64534.0,Petrol,Automatic,3.4,327.0,33080
Ford,2018,140771.0,Petrol,Automatic,3.3,246.0,19330
